{"cameraMode":{"drawMode":0,"name":"Shaded","section":"Shading Mode"},"sceneLighting":false,"audioPlay":false,"sceneViewState":{"showFog":true,"showMaterialUpdate":false,"showSkybox":false,"showFlares":true,"showImageEffects":true,"showParticleSystems":true},"in2DMode":false,"pivot":{"x":-0.2043015956878662,"y":0.06638121604919434,"z":-0.5883899927139282},"rotation":{"x":0.14642715454101563,"y":0.6961231827735901,"z":-0.14837336540222169,"w":0.6869912147521973},"size":3.8064610958099367,"orthographic":false}