{"cameraMode":{"drawMode":0,"name":"Shaded","section":"Shading Mode"},"sceneLighting":false,"audioPlay":false,"sceneViewState":{"showFog":true,"showMaterialUpdate":false,"showSkybox":false,"showFlares":true,"showImageEffects":true,"showParticleSystems":true},"in2DMode":false,"pivot":{"x":0.24741601943969727,"y":0.436130166053772,"z":0.24080348014831544},"rotation":{"x":-0.2052185982465744,"y":0.30583423376083376,"z":-0.06768803298473358,"w":-0.9272373914718628},"size":3.3602309226989748,"orthographic":false}