{"cameraMode":{"drawMode":0,"name":"Shaded","section":"Shading Mode"},"sceneLighting":false,"audioPlay":false,"sceneViewState":{"showFog":true,"showMaterialUpdate":false,"showSkybox":false,"showFlares":true,"showImageEffects":true,"showParticleSystems":true},"in2DMode":false,"pivot":{"x":-0.09900373220443726,"y":0.34127286076545718,"z":-0.0895775556564331},"rotation":{"x":0.07581553608179093,"y":0.9181963205337524,"z":-0.21480511128902436,"w":0.324077844619751},"size":2.0842792987823488,"orthographic":false}