{"cameraMode":{"drawMode":0,"name":"Shaded","section":"Shading Mode"},"sceneLighting":false,"audioPlay":false,"sceneViewState":{"showFog":true,"showMaterialUpdate":false,"showSkybox":false,"showFlares":true,"showImageEffects":true,"showParticleSystems":true},"in2DMode":false,"pivot":{"x":2.2080280780792238,"y":-0.35487377643585207,"z":0.28614211082458498},"rotation":{"x":-0.17624767124652863,"y":-0.515000581741333,"z":0.1091286689043045,"w":-0.8317464590072632},"size":5.734327793121338,"orthographic":false}