{"cameraMode":{"drawMode":0,"name":"Shaded","section":"Shading Mode"},"sceneLighting":false,"audioPlay":false,"sceneViewState":{"showFog":true,"showMaterialUpdate":false,"showSkybox":false,"showFlares":true,"showImageEffects":true,"showParticleSystems":true},"in2DMode":false,"pivot":{"x":0.3210616707801819,"y":0.5606086254119873,"z":0.21086955070495606},"rotation":{"x":0.2083158791065216,"y":0.20081664621829987,"z":-0.04374813288450241,"w":0.9562234878540039},"size":3.2126524448394777,"orthographic":false}